Hi,,,,
Hello,,,,
Hey,,,,
Yo,,,,
Hi there,,,,
Hola,,,,
Good Morning,,,,
Good Evening,,,,
Good Afternoon,,,,
Good Night,,,,
How are you?,,,,
What’s up? ,,,,
How are you doin?,,,,
What are you doing?,,,,
What can you do?,,,,
"Hi,How is it going?",,,,
hey what's up,,,,
How do you do?,,,,
How can you help me?,,,,
I have a question,,,,
Can you help me?,,,,
Nice to meet you,,,,
I'm glad to see you,,,,
glad to meet you,,,,
nice meeting you,,,,
nice to see you,,,,
,,,,
,,,,
,,,,
,,,,
,,,,
,,,,
,,,,
,,,,
,,,,
,,,,
,,,,
,,,,
,,,,
,,,,
,,,,
,,,,
,,,,
,,,,
,,,,
,,,,
,,,,
,,,,
,,,,
,,,,
,,,,
,,,,
,,,,
,,,,
,,,,
,,,,
,,,,
,,,,
,,,,
,,,,
,,,,
,,,,
,,,,
